Cluster_ID,Patient_Count,Avg_ABS,Avg_Allergen_Count,Avg_IgE,Avg_Eosinophil,Avg_Age,Avg_Comorbidity_Count,Cluster_Label
2,46,52.358695652173914,1.7608695652173914,80.1390579710145,3.075217391304348,45.56521739130435,1.4782608695652173,Lab-Elevated Undiagnosed
0,105,0.0,1.5714285714285714,204.33590476190477,2.7921746031746033,41.695238095238096,1.542857142857143,Low-Risk Single-Allergen
1,168,0.0,0.5952380952380952,14.331775793650793,1.6137400793650793,46.214285714285715,0.8571428571428571,Moderate Poly-Allergic
3,181,0.0,0.6132596685082873,12.384834254143644,2.016804788213628,43.569060773480665,2.0,High-Risk Complex
